{"loss": 0.6795414090156555, "_timestamp": 1719203137.9466481, "_runtime": 875.3538482189178, "_step": 725}