{"loss": 0.6952534317970276, "_timestamp": 1719210926.663525, "_runtime": 90.26836800575256, "_step": 6}