{"loss": 0.7085624933242798, "_timestamp": 1719211494.481069, "_runtime": 228.18002319335938, "_step": 29}