{"loss": 0.7058669924736023, "_timestamp": 1719204311.901716, "_runtime": 1089.1488790512085, "_step": 137}