{"loss": 0.7346038818359375, "_timestamp": 1719213834.811627, "_runtime": 246.41342186927795, "_step": 29}