{"loss": 0.6905999779701233, "_timestamp": 1719201679.722673, "_runtime": 372.47286105155945, "_step": 281}