{"loss": 0.6977676153182983, "_timestamp": 1719210592.416262, "_runtime": 212.91929697990417, "_step": 47}