{"loss": 0.6836384534835815, "_timestamp": 1719210350.6803892, "_runtime": 81.0350022315979, "_step": 5}