{
  "stats": {
    "submitted": 1,
    "finished": 1,
    "running": 0
  },
  "data": [
    [
      1,
      null,
      209652396,
      2.7777777777777777,
      0.49244462417012813,
      4750.91533780098,
      1,
      1716216827.72663,
      1716221578.652535,
      {}
    ]
  ],
  "configs": {
    "1": {
      "Learning_Rate": 0.026695183321777734,
      "Loss_Function": "MSELoss",
      "activation": "tanh",
      "hidden_size": 121,
      "hidden_size_linear": 223,
      "num_layers": 4,
      "optimizer": "RMSprop",
      "LSTM_dropout": 0.4983903025276959,
      "dropout_linear": 0.3860676749609411
    }
  },
  "config_origins": {
    "1": "Initial Design: Sobol"
  }
}